task-1234,value 1
task-1234,value 2
task-1234,value 3
task-1234,value 4
task-1234,value 5
task-1234,value 6
task-1234,value 7
task-1234,value 8
task-1234,value 9
task-1234,value 10
task-1234,value 11
task-1234,value 12
task-1234,value 13
task-1234,value 14
task-1234,value 15
task-1234,value 16
task-1234,value 17
task-1234,value 18
task-1234,value 19
task-1234,value 20
task-1234,value 21
task-1234,value 22
task-1234,value 23
task-1234,value 24
task-1234,value 25
task-1234,value 26
task-1234,value 27
task-1234,value 28
task-1234,value 29
task-1234,value 30
task-1234,value 31
task-1234,value 32
task-1234,value 33
task-1234,value 34
task-1234,value 35
task-1234,value 36
task-1234,value 37
task-1234,value 38
task-1234,value 39
task-1234,value 40
task-1234,value 41
task-1234,value 42
task-1234,value 43
task-1234,value 44
task-1234,value 45
task-1234,value 46
task-1234,value 47
task-1234,value 48
task-1234,value 49
task-1234,value 50
task-1234,value 51
task-1234,value 52
task-1234,value 53
task-1234,value 54
task-1234,value 55
task-1234,value 56
task-1234,value 57
task-1234,value 58
task-1234,value 59
task-1234,value 60
task-1234,value 61
task-1234,value 62
task-1234,value 63
task-1234,value 64
task-1234,value 65
task-1234,value 66
task-1234,value 67
task-1234,value 68
task-1234,value 69
task-1234,value 70
task-1234,value 71
task-1234,value 72
task-1234,value 73
task-1234,value 74
task-1234,value 75
task-1234,value 76
task-1234,value 77
task-1234,value 78
task-1234,value 79
task-1234,value 80
task-1234,value 81
task-1234,value 82
task-1234,value 83
task-1234,value 84
task-1234,value 85
task-1234,value 86
task-1234,value 87
task-1234,value 88
task-1234,value 89
task-1234,value 90
task-1234,value 91
task-1234,value 92
task-1234,value 93
task-1234,value 94
task-1234,value 95
task-1234,value 96
task-1234,value 97
task-1234,value 98
task-1234,value 99
task-1234,value 100
